{
    "total_runtime": 93.56333518028259,
    "num_documents": 1,
    "input_load_time": 0,
    "workflows": {
        "create_base_text_units": {
            "overall": 0.09663009643554688,
            "0_orderby": 0.0011751651763916016,
            "1_zip": 0.001177072525024414,
            "2_aggregate_override": 0.0018208026885986328,
            "3_chunk": 0.0775916576385498,
            "4_select": 0.0014560222625732422,
            "5_unroll": 0.0016889572143554688,
            "6_rename": 0.0011849403381347656,
            "7_genid": 0.002015829086303711,
            "8_unzip": 0.0014960765838623047,
            "9_copy": 0.0013942718505859375,
            "10_filter": 0.0047168731689453125
        },
        "create_base_extracted_entities": {
            "overall": 0.05799293518066406,
            "0_entity_extract": 0.04095292091369629,
            "1_merge_graphs": 0.012928009033203125,
            "2_snapshot_rows": 0.0024051666259765625
        },
        "create_summarized_entities": {
            "overall": 7.259495973587036,
            "0_summarize_descriptions": 7.250744104385376,
            "1_snapshot_rows": 0.006661891937255859
        },
        "create_base_entity_graph": {
            "overall": 0.03917121887207031,
            "0_cluster_graph": 0.027097702026367188,
            "1_snapshot_rows": 0.0036149024963378906,
            "2_snapshot_rows": 0.003348827362060547,
            "3_select": 0.0026721954345703125
        },
        "create_final_entities": {
            "overall": 1.0766868591308594,
            "0_unpack_graph": 0.010825872421264648,
            "1_rename": 0.002732992172241211,
            "2_select": 0.002899169921875,
            "3_dedupe": 0.0030002593994140625,
            "4_rename": 0.0030090808868408203,
            "5_filter": 0.007324934005737305,
            "6_text_split": 0.003704071044921875,
            "7_drop": 0.0034983158111572266,
            "8_merge": 0.00963592529296875,
            "9_text_embed": 1.0097239017486572,
            "10_drop": 0.00574493408203125,
            "11_filter": 0.011977910995483398
        },
        "create_final_nodes": {
            "overall": 0.11131906509399414,
            "0_layout_graph": 0.03409695625305176,
            "1_unpack_graph": 0.013316869735717773,
            "2_unpack_graph": 0.013120889663696289,
            "3_drop": 0.004072904586791992,
            "4_filter": 0.010312080383300781,
            "5_select": 0.0041239261627197266,
            "6_rename": 0.004099845886230469,
            "7_convert": 0.013743877410888672,
            "8_join": 0.006161928176879883,
            "9_rename": 0.004523038864135742
        },
        "create_final_communities": {
            "overall": 0.12791657447814941,
            "0_unpack_graph": 0.012789011001586914,
            "1_unpack_graph": 0.013032913208007812,
            "2_aggregate_override": 0.005777120590209961,
            "3_join": 0.007339000701904297,
            "4_join": 0.007133007049560547,
            "5_concat": 0.005352973937988281,
            "6_filter": 0.022598981857299805,
            "7_aggregate_override": 0.006833076477050781,
            "8_join": 0.006842851638793945,
            "9_filter": 0.012225866317749023,
            "10_fill": 0.005265951156616211,
            "11_merge": 0.006623983383178711,
            "12_copy": 0.0057048797607421875,
            "13_select": 0.0058498382568359375
        },
        "join_text_units_to_entity_ids": {
            "overall": 0.024576187133789062,
            "0_select": 0.005766868591308594,
            "1_unroll": 0.006326198577880859,
            "2_aggregate_override": 0.006781101226806641
        },
        "create_final_relationships": {
            "overall": 0.09126019477844238,
            "0_unpack_graph": 0.01430201530456543,
            "1_filter": 0.01463007926940918,
            "2_rename": 0.006331205368041992,
            "3_filter": 0.014872074127197266,
            "4_drop": 0.006394863128662109,
            "5_compute_edge_combined_degree": 0.007826805114746094,
            "6_convert": 0.014158248901367188,
            "7_convert": 0.006693124771118164
        },
        "join_text_units_to_relationship_ids": {
            "overall": 0.03676414489746094,
            "0_select": 0.007063150405883789,
            "1_unroll": 0.007668018341064453,
            "2_aggregate_override": 0.00797891616821289,
            "3_select": 0.007277965545654297
        },
        "create_final_community_reports": {
            "overall": 83.36345601081848,
            "0_prepare_community_reports_nodes": 0.009028911590576172,
            "1_prepare_community_reports_edges": 0.00857400894165039,
            "2_restore_community_hierarchy": 0.008914947509765625,
            "3_prepare_community_reports": 0.04547405242919922,
            "4_create_community_reports": 83.26821184158325,
            "5_window": 0.01582622528076172
        },
        "create_final_text_units": {
            "overall": 0.06271004676818848,
            "0_select": 0.007953166961669922,
            "1_rename": 0.008466005325317383,
            "2_join": 0.010720968246459961,
            "3_join": 0.009772062301635742,
            "4_aggregate_override": 0.008955240249633789,
            "5_select": 0.008487939834594727
        },
        "create_base_documents": {
            "overall": 0.09394288063049316,
            "0_unroll": 0.009032249450683594,
            "1_select": 0.008683204650878906,
            "2_rename": 0.008943796157836914,
            "3_join": 0.010234832763671875,
            "4_aggregate_override": 0.009283781051635742,
            "5_join": 0.010406732559204102,
            "6_rename": 0.009187936782836914,
            "7_convert": 0.01970195770263672
        },
        "create_final_documents": {
            "overall": 0.018337011337280273,
            "0_rename": 0.009285211563110352
        }
    }
}