{
    "total_runtime": 76.37701201438904,
    "num_documents": 1,
    "input_load_time": 0,
    "workflows": {
        "create_base_text_units": {
            "overall": 1.9992671012878418,
            "0_orderby": 0.001371145248413086,
            "1_zip": 0.0013020038604736328,
            "2_aggregate_override": 0.002131223678588867,
            "3_chunk": 1.9777371883392334,
            "4_select": 0.001390695571899414,
            "5_unroll": 0.0018768310546875,
            "6_rename": 0.001291036605834961,
            "7_genid": 0.0019838809967041016,
            "8_unzip": 0.0015909671783447266,
            "9_copy": 0.0013740062713623047,
            "10_filter": 0.006102085113525391
        },
        "create_base_extracted_entities": {
            "overall": 25.417963981628418,
            "0_entity_extract": 25.393347024917603,
            "1_merge_graphs": 0.022783994674682617
        },
        "create_summarized_entities": {
            "overall": 9.500284910202026,
            "0_summarize_descriptions": 9.49825406074524
        },
        "create_base_entity_graph": {
            "overall": 0.024339914321899414,
            "0_cluster_graph": 0.019826889038085938,
            "1_select": 0.002323150634765625
        },
        "create_final_entities": {
            "overall": 1.183222770690918,
            "0_unpack_graph": 0.007215976715087891,
            "1_rename": 0.0024619102478027344,
            "2_select": 0.0025582313537597656,
            "3_dedupe": 0.0027289390563964844,
            "4_rename": 0.002601146697998047,
            "5_filter": 0.0066640377044677734,
            "6_text_split": 0.003306150436401367,
            "7_drop": 0.002948760986328125,
            "8_merge": 0.008397817611694336,
            "9_text_embed": 1.1274209022521973,
            "10_drop": 0.004704952239990234,
            "11_filter": 0.009732723236083984
        },
        "create_final_nodes": {
            "overall": 0.08959507942199707,
            "0_layout_graph": 0.022337913513183594,
            "1_unpack_graph": 0.008633852005004883,
            "2_unpack_graph": 0.008840799331665039,
            "3_drop": 0.0036530494689941406,
            "4_filter": 0.008449077606201172,
            "5_select": 0.0038459300994873047,
            "6_rename": 0.003846883773803711,
            "7_convert": 0.01543283462524414,
            "8_join": 0.00695490837097168,
            "9_rename": 0.004229068756103516
        },
        "create_final_communities": {
            "overall": 0.10845112800598145,
            "0_unpack_graph": 0.009248971939086914,
            "1_unpack_graph": 0.008964061737060547,
            "2_aggregate_override": 0.005305051803588867,
            "3_join": 0.006376028060913086,
            "4_join": 0.006240129470825195,
            "5_concat": 0.004798173904418945,
            "6_filter": 0.013921022415161133,
            "7_aggregate_override": 0.006707906723022461,
            "8_join": 0.0066030025482177734,
            "9_filter": 0.012865066528320312,
            "10_fill": 0.005545139312744141,
            "11_merge": 0.006474971771240234,
            "12_copy": 0.005368709564208984,
            "13_select": 0.005609989166259766
        },
        "join_text_units_to_entity_ids": {
            "overall": 0.023483991622924805,
            "0_select": 0.005585908889770508,
            "1_unroll": 0.006020784378051758,
            "2_aggregate_override": 0.00639796257019043
        },
        "create_final_relationships": {
            "overall": 0.08175492286682129,
            "0_unpack_graph": 0.010846138000488281,
            "1_filter": 0.012884855270385742,
            "2_rename": 0.005882740020751953,
            "3_filter": 0.013201713562011719,
            "4_drop": 0.006238222122192383,
            "5_compute_edge_combined_degree": 0.007264137268066406,
            "6_convert": 0.012698173522949219,
            "7_convert": 0.006363868713378906
        },
        "join_text_units_to_relationship_ids": {
            "overall": 0.033738136291503906,
            "0_select": 0.006448030471801758,
            "1_unroll": 0.00687718391418457,
            "2_aggregate_override": 0.007256031036376953,
            "3_select": 0.006741046905517578
        },
        "create_final_community_reports": {
            "overall": 36.67384600639343,
            "0_prepare_community_reports_nodes": 0.008022069931030273,
            "1_prepare_community_reports_edges": 0.0076329708099365234,
            "2_restore_community_hierarchy": 0.008249044418334961,
            "3_prepare_community_reports": 0.03543806076049805,
            "4_create_community_reports": 36.59346318244934,
            "5_window": 0.013831138610839844
        },
        "create_final_text_units": {
            "overall": 0.05756521224975586,
            "0_select": 0.007630109786987305,
            "1_rename": 0.0075511932373046875,
            "2_join": 0.009132146835327148,
            "3_join": 0.009112834930419922,
            "4_aggregate_override": 0.008666038513183594,
            "5_select": 0.007807016372680664
        },
        "create_base_documents": {
            "overall": 0.09106206893920898,
            "0_unroll": 0.00899505615234375,
            "1_select": 0.008400917053222656,
            "2_rename": 0.008710861206054688,
            "3_join": 0.01019430160522461,
            "4_aggregate_override": 0.008866071701049805,
            "5_join": 0.010488748550415039,
            "6_rename": 0.00886392593383789,
            "7_convert": 0.018131017684936523
        },
        "create_final_documents": {
            "overall": 0.01755499839782715,
            "0_rename": 0.00878286361694336
        }
    }
}