{
    "total_runtime": 194.38015508651733,
    "num_documents": 1,
    "input_load_time": 0,
    "workflows": {
        "create_base_text_units": {
            "overall": 0.09643912315368652,
            "0_orderby": 0.0010781288146972656,
            "1_zip": 0.0011458396911621094,
            "2_aggregate_override": 0.0017998218536376953,
            "3_chunk": 0.07785773277282715,
            "4_select": 0.0013892650604248047,
            "5_unroll": 0.0016629695892333984,
            "6_rename": 0.0011920928955078125,
            "7_genid": 0.0019159317016601562,
            "8_unzip": 0.0014688968658447266,
            "9_copy": 0.0013408660888671875,
            "10_filter": 0.004624843597412109
        },
        "create_base_extracted_entities": {
            "overall": 50.84208106994629,
            "0_entity_extract": 50.81533098220825,
            "1_merge_graphs": 0.024945974349975586
        },
        "create_summarized_entities": {
            "overall": 24.989670276641846,
            "0_summarize_descriptions": 24.987693071365356
        },
        "create_base_entity_graph": {
            "overall": 0.020028114318847656,
            "0_cluster_graph": 0.015618085861206055,
            "1_select": 0.002310037612915039
        },
        "create_final_entities": {
            "overall": 1.045137882232666,
            "0_unpack_graph": 0.006398916244506836,
            "1_rename": 0.002482891082763672,
            "2_select": 0.0026617050170898438,
            "3_dedupe": 0.002902984619140625,
            "4_rename": 0.0026879310607910156,
            "5_filter": 0.006947040557861328,
            "6_text_split": 0.0034890174865722656,
            "7_drop": 0.003016948699951172,
            "8_merge": 0.0074770450592041016,
            "9_text_embed": 0.991631031036377,
            "10_drop": 0.004160881042480469,
            "11_filter": 0.008674144744873047
        },
        "create_final_nodes": {
            "overall": 0.0790719985961914,
            "0_layout_graph": 0.017283201217651367,
            "1_unpack_graph": 0.007592916488647461,
            "2_unpack_graph": 0.007460832595825195,
            "3_drop": 0.003917694091796875,
            "4_filter": 0.008815765380859375,
            "5_select": 0.003815889358520508,
            "6_rename": 0.003823995590209961,
            "7_join": 0.005814790725708008,
            "8_convert": 0.012907981872558594,
            "9_rename": 0.004199981689453125
        },
        "create_final_communities": {
            "overall": 0.10273480415344238,
            "0_unpack_graph": 0.007893085479736328,
            "1_unpack_graph": 0.008062124252319336,
            "2_aggregate_override": 0.005331993103027344,
            "3_join": 0.006410121917724609,
            "4_join": 0.0062291622161865234,
            "5_concat": 0.004981040954589844,
            "6_filter": 0.013459920883178711,
            "7_aggregate_override": 0.006080150604248047,
            "8_join": 0.006269216537475586,
            "9_filter": 0.011625051498413086,
            "10_fill": 0.00511479377746582,
            "11_merge": 0.006087064743041992,
            "12_copy": 0.0053598880767822266,
            "13_select": 0.005455970764160156
        },
        "join_text_units_to_entity_ids": {
            "overall": 0.023424148559570312,
            "0_select": 0.005521059036254883,
            "1_unroll": 0.006005048751831055,
            "2_aggregate_override": 0.0064051151275634766
        },
        "create_final_relationships": {
            "overall": 0.08081221580505371,
            "0_unpack_graph": 0.00923609733581543,
            "1_filter": 0.013283967971801758,
            "2_rename": 0.0060961246490478516,
            "3_filter": 0.013708114624023438,
            "4_drop": 0.006106853485107422,
            "5_compute_edge_combined_degree": 0.007153034210205078,
            "6_convert": 0.013091087341308594,
            "7_convert": 0.006276845932006836
        },
        "join_text_units_to_relationship_ids": {
            "overall": 0.0416562557220459,
            "0_select": 0.006781101226806641,
            "1_unroll": 0.013636112213134766,
            "2_aggregate_override": 0.00755620002746582,
            "3_select": 0.00704193115234375
        },
        "create_final_community_reports": {
            "overall": 115.78794693946838,
            "0_prepare_community_reports_nodes": 0.00861215591430664,
            "1_prepare_community_reports_edges": 0.007814168930053711,
            "2_restore_community_hierarchy": 0.008610963821411133,
            "3_prepare_community_reports": 0.03417181968688965,
            "4_create_community_reports": 115.69220209121704,
            "5_window": 0.029102087020874023
        },
        "create_final_text_units": {
            "overall": 0.05983591079711914,
            "0_select": 0.007695198059082031,
            "1_rename": 0.007887125015258789,
            "2_join": 0.009582042694091797,
            "3_join": 0.00961160659790039,
            "4_aggregate_override": 0.008939027786254883,
            "5_select": 0.00823211669921875
        },
        "create_base_documents": {
            "overall": 0.09322524070739746,
            "0_unroll": 0.009047985076904297,
            "1_select": 0.008424997329711914,
            "2_rename": 0.008749961853027344,
            "3_join": 0.010331869125366211,
            "4_aggregate_override": 0.009654045104980469,
            "5_join": 0.010495901107788086,
            "6_rename": 0.008807897567749023,
            "7_convert": 0.018496990203857422
        },
        "create_final_documents": {
            "overall": 0.01795196533203125,
            "0_rename": 0.009129047393798828
        }
    }
}