{
    "total_runtime": 121.33468985557556,
    "num_documents": 1,
    "input_load_time": 0,
    "workflows": {
        "create_base_text_units": {
            "overall": 0.11028313636779785,
            "0_orderby": 0.0014548301696777344,
            "1_zip": 0.001361846923828125,
            "2_aggregate_override": 0.002276897430419922,
            "3_chunk": 0.08935117721557617,
            "4_select": 0.0014889240264892578,
            "5_unroll": 0.0018460750579833984,
            "6_rename": 0.0012021064758300781,
            "7_genid": 0.002007722854614258,
            "8_unzip": 0.0017800331115722656,
            "9_copy": 0.0013549327850341797,
            "10_filter": 0.0050013065338134766
        },
        "create_base_extracted_entities": {
            "overall": 45.92634582519531,
            "0_entity_extract": 45.89978313446045,
            "1_merge_graphs": 0.02473592758178711
        },
        "create_summarized_entities": {
            "overall": 16.90431785583496,
            "0_summarize_descriptions": 16.90230131149292
        },
        "create_base_entity_graph": {
            "overall": 0.03085184097290039,
            "0_cluster_graph": 0.025712966918945312,
            "1_select": 0.0029020309448242188
        },
        "create_final_entities": {
            "overall": 1.5184910297393799,
            "0_unpack_graph": 0.00959014892578125,
            "1_rename": 0.0026559829711914062,
            "2_select": 0.002843141555786133,
            "3_dedupe": 0.003284931182861328,
            "4_rename": 0.002685070037841797,
            "5_filter": 0.00827479362487793,
            "6_text_split": 0.0044138431549072266,
            "7_drop": 0.0031828880310058594,
            "8_merge": 0.010102033615112305,
            "9_text_embed": 1.454287052154541,
            "10_drop": 0.004453897476196289,
            "11_filter": 0.010317087173461914
        },
        "create_final_nodes": {
            "overall": 0.1036069393157959,
            "0_layout_graph": 0.029031753540039062,
            "1_unpack_graph": 0.011327028274536133,
            "2_unpack_graph": 0.01136922836303711,
            "3_drop": 0.0038819313049316406,
            "4_filter": 0.010256052017211914,
            "5_select": 0.004548072814941406,
            "6_rename": 0.004163026809692383,
            "7_join": 0.006609916687011719,
            "8_convert": 0.014494895935058594,
            "9_rename": 0.004519939422607422
        },
        "create_final_communities": {
            "overall": 0.12505006790161133,
            "0_unpack_graph": 0.011647939682006836,
            "1_unpack_graph": 0.011574983596801758,
            "2_aggregate_override": 0.005874156951904297,
            "3_join": 0.007580995559692383,
            "4_join": 0.007292747497558594,
            "5_concat": 0.005156278610229492,
            "6_filter": 0.01880025863647461,
            "7_aggregate_override": 0.007073163986206055,
            "8_join": 0.00701904296875,
            "9_filter": 0.01232600212097168,
            "10_fill": 0.0057201385498046875,
            "11_merge": 0.008146286010742188,
            "12_copy": 0.005501985549926758,
            "13_select": 0.0066339969635009766
        },
        "join_text_units_to_entity_ids": {
            "overall": 0.025563955307006836,
            "0_select": 0.0057981014251708984,
            "1_unroll": 0.006855964660644531,
            "2_aggregate_override": 0.007194995880126953
        },
        "create_final_relationships": {
            "overall": 0.09070396423339844,
            "0_unpack_graph": 0.0129241943359375,
            "1_filter": 0.015091896057128906,
            "2_rename": 0.006323337554931641,
            "3_filter": 0.015140056610107422,
            "4_drop": 0.006638050079345703,
            "5_compute_edge_combined_degree": 0.00799703598022461,
            "6_convert": 0.013744115829467773,
            "7_convert": 0.006807088851928711
        },
        "join_text_units_to_relationship_ids": {
            "overall": 0.038023948669433594,
            "0_select": 0.0072400569915771484,
            "1_unroll": 0.007857799530029297,
            "2_aggregate_override": 0.008427619934082031,
            "3_select": 0.007573127746582031
        },
        "create_final_community_reports": {
            "overall": 55.06846594810486,
            "0_prepare_community_reports_nodes": 0.008750200271606445,
            "1_prepare_community_reports_edges": 0.008671998977661133,
            "2_restore_community_hierarchy": 0.009338855743408203,
            "3_prepare_community_reports": 0.05218911170959473,
            "4_create_community_reports": 54.97079586982727,
            "5_window": 0.011198043823242188
        },
        "create_final_text_units": {
            "overall": 0.0634310245513916,
            "0_select": 0.008172035217285156,
            "1_rename": 0.007889986038208008,
            "2_join": 0.01090097427368164,
            "3_join": 0.010341882705688477,
            "4_aggregate_override": 0.00960683822631836,
            "5_select": 0.008804082870483398
        },
        "create_base_documents": {
            "overall": 0.09781789779663086,
            "0_unroll": 0.009779930114746094,
            "1_select": 0.008899211883544922,
            "2_rename": 0.008844137191772461,
            "3_join": 0.01137995719909668,
            "4_aggregate_override": 0.010404109954833984,
            "5_join": 0.010907173156738281,
            "6_rename": 0.00890207290649414,
            "7_convert": 0.01982402801513672
        },
        "create_final_documents": {
            "overall": 0.018658161163330078,
            "0_rename": 0.009850025177001953
        }
    }
}