{
    "total_runtime": 69.83789587020874,
    "num_documents": 1,
    "input_load_time": 0,
    "workflows": {
        "create_base_text_units": {
            "overall": 0.09349679946899414,
            "0_orderby": 0.0011138916015625,
            "1_zip": 0.0011861324310302734,
            "2_aggregate_override": 0.001811981201171875,
            "3_chunk": 0.07450389862060547,
            "4_select": 0.0014338493347167969,
            "5_unroll": 0.001710653305053711,
            "6_rename": 0.0012218952178955078,
            "7_genid": 0.0019259452819824219,
            "8_unzip": 0.0015459060668945312,
            "9_copy": 0.0013761520385742188,
            "10_filter": 0.004658937454223633
        },
        "create_base_extracted_entities": {
            "overall": 0.04789614677429199,
            "0_entity_extract": 0.035021066665649414,
            "1_merge_graphs": 0.008814096450805664,
            "2_snapshot_rows": 0.0023550987243652344
        },
        "create_summarized_entities": {
            "overall": 3.553773880004883,
            "0_summarize_descriptions": 3.5459680557250977,
            "1_snapshot_rows": 0.005738019943237305
        },
        "create_base_entity_graph": {
            "overall": 0.031915903091430664,
            "0_cluster_graph": 0.01990199089050293,
            "1_snapshot_rows": 0.0036568641662597656,
            "2_snapshot_rows": 0.0034208297729492188,
            "3_select": 0.002560138702392578
        },
        "create_final_entities": {
            "overall": 0.9356460571289062,
            "0_unpack_graph": 0.00843501091003418,
            "1_rename": 0.002771139144897461,
            "2_select": 0.0028111934661865234,
            "3_dedupe": 0.003014087677001953,
            "4_rename": 0.002895832061767578,
            "5_filter": 0.007227897644042969,
            "6_text_split": 0.0035560131072998047,
            "7_drop": 0.0033469200134277344,
            "8_merge": 0.0073773860931396484,
            "9_text_embed": 0.8735013008117676,
            "10_drop": 0.005887031555175781,
            "11_filter": 0.012237071990966797
        },
        "create_final_nodes": {
            "overall": 0.09503698348999023,
            "0_layout_graph": 0.02438211441040039,
            "1_unpack_graph": 0.010481834411621094,
            "2_unpack_graph": 0.010088205337524414,
            "3_filter": 0.009697198867797852,
            "4_drop": 0.0039708614349365234,
            "5_select": 0.0040700435638427734,
            "6_rename": 0.004110097885131836,
            "7_convert": 0.013653993606567383,
            "8_join": 0.006482839584350586,
            "9_rename": 0.004503726959228516
        },
        "create_final_communities": {
            "overall": 0.11583113670349121,
            "0_unpack_graph": 0.01033782958984375,
            "1_unpack_graph": 0.010112762451171875,
            "2_aggregate_override": 0.005465269088745117,
            "3_join": 0.00687098503112793,
            "4_join": 0.00698399543762207,
            "5_concat": 0.005126237869262695,
            "6_filter": 0.018257856369018555,
            "7_aggregate_override": 0.006339073181152344,
            "8_join": 0.0068018436431884766,
            "9_filter": 0.011943817138671875,
            "10_fill": 0.0053250789642333984,
            "11_merge": 0.00642704963684082,
            "12_copy": 0.005446910858154297,
            "13_select": 0.005797863006591797
        },
        "join_text_units_to_entity_ids": {
            "overall": 0.02448105812072754,
            "0_select": 0.005839109420776367,
            "1_unroll": 0.006205081939697266,
            "2_aggregate_override": 0.006658077239990234
        },
        "create_final_relationships": {
            "overall": 0.08755040168762207,
            "0_unpack_graph": 0.011854171752929688,
            "1_filter": 0.014278173446655273,
            "2_rename": 0.00622105598449707,
            "3_filter": 0.014580965042114258,
            "4_drop": 0.006470203399658203,
            "5_compute_edge_combined_degree": 0.00757908821105957,
            "6_convert": 0.013478994369506836,
            "7_convert": 0.00684809684753418
        },
        "join_text_units_to_relationship_ids": {
            "overall": 0.035646915435791016,
            "0_select": 0.006829977035522461,
            "1_unroll": 0.007339954376220703,
            "2_aggregate_override": 0.00765538215637207,
            "3_select": 0.006955862045288086
        },
        "create_final_community_reports": {
            "overall": 63.57909178733826,
            "0_prepare_community_reports_nodes": 0.009231805801391602,
            "1_prepare_community_reports_edges": 0.008275747299194336,
            "2_restore_community_hierarchy": 0.008598089218139648,
            "3_prepare_community_reports": 0.035224199295043945,
            "4_create_community_reports": 63.494332790374756,
            "5_window": 0.015583038330078125
        },
        "create_final_text_units": {
            "overall": 0.05899691581726074,
            "0_select": 0.00794076919555664,
            "1_rename": 0.007747650146484375,
            "2_join": 0.00940394401550293,
            "3_join": 0.009263992309570312,
            "4_aggregate_override": 0.00859689712524414,
            "5_select": 0.00803828239440918
        },
        "create_base_documents": {
            "overall": 0.08947515487670898,
            "0_unroll": 0.008910894393920898,
            "1_select": 0.008358955383300781,
            "2_rename": 0.008399009704589844,
            "3_join": 0.009903907775878906,
            "4_aggregate_override": 0.008906126022338867,
            "5_join": 0.009826898574829102,
            "6_rename": 0.008726119995117188,
            "7_convert": 0.01792621612548828
        },
        "create_final_documents": {
            "overall": 0.018136024475097656,
            "0_rename": 0.009042024612426758
        }
    }
}