{
    "total_runtime": 1.8995378017425537,
    "num_documents": 1,
    "input_load_time": 0,
    "workflows": {
        "create_base_text_units": {
            "overall": 0.09531998634338379,
            "0_orderby": 0.001008749008178711,
            "1_zip": 0.0010640621185302734,
            "2_aggregate_override": 0.0017120838165283203,
            "3_chunk": 0.0768430233001709,
            "4_select": 0.0013668537139892578,
            "5_unroll": 0.001661062240600586,
            "6_rename": 0.0011830329895019531,
            "7_genid": 0.002009153366088867,
            "8_unzip": 0.0014772415161132812,
            "9_copy": 0.0013566017150878906,
            "10_filter": 0.004769086837768555
        },
        "create_base_extracted_entities": {
            "overall": 0.044036865234375,
            "0_entity_extract": 0.03293108940124512,
            "1_merge_graphs": 0.007157802581787109,
            "2_snapshot_rows": 0.0023040771484375
        },
        "create_summarized_entities": {
            "overall": 0.023076772689819336,
            "0_summarize_descriptions": 0.018624067306518555,
            "1_snapshot_rows": 0.002526998519897461
        },
        "create_base_entity_graph": {
            "overall": 0.024979114532470703,
            "0_cluster_graph": 0.014084815979003906,
            "1_snapshot_rows": 0.003090381622314453,
            "2_snapshot_rows": 0.0028929710388183594,
            "3_select": 0.0026628971099853516
        },
        "create_final_entities": {
            "overall": 0.10277915000915527,
            "0_unpack_graph": 0.006341218948364258,
            "1_rename": 0.0029129981994628906,
            "2_select": 0.0029010772705078125,
            "3_dedupe": 0.003026247024536133,
            "4_rename": 0.0031070709228515625,
            "5_filter": 0.007440805435180664,
            "6_text_split": 0.0036339759826660156,
            "7_drop": 0.003401041030883789,
            "8_merge": 0.007727861404418945,
            "9_text_embed": 0.0475311279296875,
            "10_drop": 0.0037539005279541016,
            "11_filter": 0.008336067199707031
        },
        "create_final_nodes": {
            "overall": 0.08639121055603027,
            "0_layout_graph": 0.01821112632751465,
            "1_unpack_graph": 0.008332014083862305,
            "2_unpack_graph": 0.008329153060913086,
            "3_drop": 0.004224061965942383,
            "4_filter": 0.00991201400756836,
            "5_select": 0.004197835922241211,
            "6_rename": 0.004194736480712891,
            "7_convert": 0.013900041580200195,
            "8_join": 0.006608247756958008,
            "9_rename": 0.0046541690826416016
        },
        "create_final_communities": {
            "overall": 0.11130499839782715,
            "0_unpack_graph": 0.00861215591430664,
            "1_unpack_graph": 0.008503913879394531,
            "2_aggregate_override": 0.005742073059082031,
            "3_join": 0.006796121597290039,
            "4_join": 0.006736040115356445,
            "5_concat": 0.005334615707397461,
            "6_filter": 0.014585018157958984,
            "7_aggregate_override": 0.0064737796783447266,
            "8_join": 0.0068857669830322266,
            "9_filter": 0.012970924377441406,
            "10_fill": 0.005565166473388672,
            "11_merge": 0.006781339645385742,
            "12_copy": 0.0057718753814697266,
            "13_select": 0.0059201717376708984
        },
        "join_text_units_to_entity_ids": {
            "overall": 0.0249631404876709,
            "0_select": 0.005846977233886719,
            "1_unroll": 0.006469011306762695,
            "2_aggregate_override": 0.0068569183349609375
        },
        "create_final_relationships": {
            "overall": 0.08897805213928223,
            "0_unpack_graph": 0.009996891021728516,
            "1_filter": 0.014490127563476562,
            "2_rename": 0.006793975830078125,
            "3_filter": 0.015363693237304688,
            "4_drop": 0.006703853607177734,
            "5_compute_edge_combined_degree": 0.007998943328857422,
            "6_convert": 0.014364957809448242,
            "7_convert": 0.006936788558959961
        },
        "join_text_units_to_relationship_ids": {
            "overall": 0.03719615936279297,
            "0_select": 0.007185935974121094,
            "1_unroll": 0.007657051086425781,
            "2_aggregate_override": 0.007983922958374023,
            "3_select": 0.00745701789855957
        },
        "create_final_community_reports": {
            "overall": 0.09236288070678711,
            "0_prepare_community_reports_nodes": 0.008495807647705078,
            "1_prepare_community_reports_edges": 0.008208274841308594,
            "2_restore_community_hierarchy": 0.008957386016845703,
            "3_prepare_community_reports": 0.034715890884399414,
            "4_create_community_reports": 0.016315937042236328,
            "5_window": 0.00820302963256836
        },
        "create_final_text_units": {
            "overall": 0.06292390823364258,
            "0_select": 0.008387088775634766,
            "1_rename": 0.008291006088256836,
            "2_join": 0.010076045989990234,
            "3_join": 0.009917974472045898,
            "4_aggregate_override": 0.009599924087524414,
            "5_select": 0.008720874786376953
        },
        "create_base_documents": {
            "overall": 0.09557509422302246,
            "0_unroll": 0.009325981140136719,
            "1_select": 0.00895380973815918,
            "2_rename": 0.009051084518432617,
            "3_join": 0.01059579849243164,
            "4_aggregate_override": 0.00981903076171875,
            "5_join": 0.010575056076049805,
            "6_rename": 0.009243249893188477,
            "7_convert": 0.019479036331176758
        },
        "create_final_documents": {
            "overall": 0.0190582275390625,
            "0_rename": 0.009664773941040039
        }
    }
}