{
    "total_runtime": 62.198577880859375,
    "num_documents": 1,
    "input_load_time": 0,
    "workflows": {
        "create_base_text_units": {
            "overall": 0.09668993949890137,
            "0_orderby": 0.0011470317840576172,
            "1_zip": 0.0012989044189453125,
            "2_aggregate_override": 0.0017468929290771484,
            "3_chunk": 0.0757288932800293,
            "4_select": 0.001481771469116211,
            "5_unroll": 0.0017421245574951172,
            "6_rename": 0.0012710094451904297,
            "7_genid": 0.001940011978149414,
            "8_unzip": 0.0016620159149169922,
            "9_copy": 0.0013930797576904297,
            "10_filter": 0.00620722770690918
        },
        "create_base_extracted_entities": {
            "overall": 0.04738497734069824,
            "0_entity_extract": 0.03665518760681152,
            "1_merge_graphs": 0.008900165557861328
        },
        "create_summarized_entities": {
            "overall": 11.25707221031189,
            "0_summarize_descriptions": 11.255044937133789
        },
        "create_base_entity_graph": {
            "overall": 0.030328989028930664,
            "0_cluster_graph": 0.0247652530670166,
            "1_select": 0.0029397010803222656
        },
        "create_final_entities": {
            "overall": 1.1978647708892822,
            "0_unpack_graph": 0.00832819938659668,
            "1_rename": 0.0025119781494140625,
            "2_select": 0.002607107162475586,
            "3_dedupe": 0.002702951431274414,
            "4_rename": 0.0026209354400634766,
            "5_filter": 0.006742954254150391,
            "6_text_split": 0.0032072067260742188,
            "7_drop": 0.002929210662841797,
            "8_merge": 0.007153034210205078,
            "9_text_embed": 1.139467716217041,
            "10_drop": 0.005469799041748047,
            "11_filter": 0.011614799499511719
        },
        "create_final_nodes": {
            "overall": 0.0989081859588623,
            "0_layout_graph": 0.025789976119995117,
            "1_unpack_graph": 0.01021122932434082,
            "2_unpack_graph": 0.010023355484008789,
            "3_drop": 0.0037119388580322266,
            "4_filter": 0.009338140487670898,
            "5_select": 0.003844022750854492,
            "6_rename": 0.0038709640502929688,
            "7_join": 0.00592803955078125,
            "8_convert": 0.014103174209594727,
            "9_rename": 0.008592844009399414
        },
        "create_final_communities": {
            "overall": 0.11371278762817383,
            "0_unpack_graph": 0.009989738464355469,
            "1_unpack_graph": 0.009991884231567383,
            "2_aggregate_override": 0.005151033401489258,
            "3_join": 0.00654292106628418,
            "4_join": 0.0066606998443603516,
            "5_concat": 0.004779815673828125,
            "6_filter": 0.0177309513092041,
            "7_aggregate_override": 0.0060541629791259766,
            "8_join": 0.006577014923095703,
            "9_filter": 0.012897014617919922,
            "10_fill": 0.005932807922363281,
            "11_merge": 0.006424903869628906,
            "12_copy": 0.005209207534790039,
            "13_select": 0.005394935607910156
        },
        "join_text_units_to_entity_ids": {
            "overall": 0.023520946502685547,
            "0_select": 0.005606889724731445,
            "1_unroll": 0.006028890609741211,
            "2_aggregate_override": 0.006333827972412109
        },
        "create_final_relationships": {
            "overall": 0.0835728645324707,
            "0_unpack_graph": 0.011453866958618164,
            "1_filter": 0.013547182083129883,
            "2_rename": 0.005980968475341797,
            "3_filter": 0.013978242874145508,
            "4_drop": 0.006104946136474609,
            "5_compute_edge_combined_degree": 0.00722813606262207,
            "6_convert": 0.012841939926147461,
            "7_convert": 0.0063936710357666016
        },
        "join_text_units_to_relationship_ids": {
            "overall": 0.03501582145690918,
            "0_select": 0.006704807281494141,
            "1_unroll": 0.007162809371948242,
            "2_aggregate_override": 0.007433891296386719,
            "3_select": 0.006852149963378906
        },
        "create_final_community_reports": {
            "overall": 48.00285220146179,
            "0_prepare_community_reports_nodes": 0.008188962936401367,
            "1_prepare_community_reports_edges": 0.007592201232910156,
            "2_restore_community_hierarchy": 0.008288860321044922,
            "3_prepare_community_reports": 0.0345759391784668,
            "4_create_community_reports": 47.924111127853394,
            "5_window": 0.012758970260620117
        },
        "create_final_text_units": {
            "overall": 0.05824637413024902,
            "0_select": 0.0076639652252197266,
            "1_rename": 0.007588863372802734,
            "2_join": 0.009166240692138672,
            "3_join": 0.009189128875732422,
            "4_aggregate_override": 0.008780241012573242,
            "5_select": 0.008125066757202148
        },
        "create_base_documents": {
            "overall": 0.09056305885314941,
            "0_unroll": 0.008846044540405273,
            "1_select": 0.008386850357055664,
            "2_rename": 0.008427858352661133,
            "3_join": 0.009881019592285156,
            "4_aggregate_override": 0.00962376594543457,
            "5_join": 0.009945869445800781,
            "6_rename": 0.008809089660644531,
            "7_convert": 0.018147945404052734
        },
        "create_final_documents": {
            "overall": 0.0177762508392334,
            "0_rename": 0.00885009765625
        }
    }
}