{
    "total_runtime": 108.09428405761719,
    "num_documents": 1,
    "input_load_time": 0,
    "workflows": {
        "create_base_text_units": {
            "overall": 0.09260416030883789,
            "0_orderby": 0.0010001659393310547,
            "1_zip": 0.0010612010955810547,
            "2_aggregate_override": 0.0017311573028564453,
            "3_chunk": 0.0742957592010498,
            "4_select": 0.001405954360961914,
            "5_unroll": 0.0016491413116455078,
            "6_rename": 0.0011811256408691406,
            "7_genid": 0.0018842220306396484,
            "8_unzip": 0.0015227794647216797,
            "9_copy": 0.0013649463653564453,
            "10_filter": 0.004640102386474609
        },
        "create_base_extracted_entities": {
            "overall": 0.05637001991271973,
            "0_entity_extract": 0.04211020469665527,
            "1_merge_graphs": 0.012594938278198242
        },
        "create_summarized_entities": {
            "overall": 26.139718770980835,
            "0_summarize_descriptions": 26.13776469230652
        },
        "create_base_entity_graph": {
            "overall": 0.032296180725097656,
            "0_cluster_graph": 0.027868986129760742,
            "1_select": 0.0023267269134521484
        },
        "create_final_entities": {
            "overall": 1.3068492412567139,
            "0_unpack_graph": 0.010473966598510742,
            "1_rename": 0.0024271011352539062,
            "2_select": 0.002536296844482422,
            "3_dedupe": 0.002660989761352539,
            "4_rename": 0.0025718212127685547,
            "5_filter": 0.006510019302368164,
            "6_text_split": 0.0032546520233154297,
            "7_drop": 0.0028700828552246094,
            "8_merge": 0.008254051208496094,
            "9_text_embed": 1.2497968673706055,
            "10_drop": 0.004237174987792969,
            "11_filter": 0.008888959884643555
        },
        "create_final_nodes": {
            "overall": 0.10466885566711426,
            "0_layout_graph": 0.03277301788330078,
            "1_unpack_graph": 0.01263284683227539,
            "2_unpack_graph": 0.012514114379882812,
            "3_filter": 0.009067058563232422,
            "4_drop": 0.0037860870361328125,
            "5_select": 0.0037992000579833984,
            "6_rename": 0.003876924514770508,
            "7_join": 0.005810976028442383,
            "8_convert": 0.012898921966552734,
            "9_rename": 0.004231929779052734
        },
        "create_final_communities": {
            "overall": 0.12200689315795898,
            "0_unpack_graph": 0.01275491714477539,
            "1_unpack_graph": 0.012456893920898438,
            "2_aggregate_override": 0.00528407096862793,
            "3_join": 0.0069408416748046875,
            "4_join": 0.006762981414794922,
            "5_concat": 0.005028963088989258,
            "6_filter": 0.021735191345214844,
            "7_aggregate_override": 0.006842136383056641,
            "8_join": 0.006535053253173828,
            "9_filter": 0.011404037475585938,
            "10_fill": 0.0050618648529052734,
            "11_merge": 0.006304025650024414,
            "12_copy": 0.005154132843017578,
            "13_select": 0.00539708137512207
        },
        "join_text_units_to_entity_ids": {
            "overall": 0.02897024154663086,
            "0_select": 0.011192798614501953,
            "1_unroll": 0.005868196487426758,
            "2_aggregate_override": 0.0063266754150390625
        },
        "create_final_relationships": {
            "overall": 0.08653402328491211,
            "0_unpack_graph": 0.013952016830444336,
            "1_filter": 0.013532161712646484,
            "2_rename": 0.005881071090698242,
            "3_filter": 0.014132976531982422,
            "4_drop": 0.006092071533203125,
            "5_compute_edge_combined_degree": 0.007209062576293945,
            "6_convert": 0.01316690444946289,
            "7_convert": 0.006719112396240234
        },
        "join_text_units_to_relationship_ids": {
            "overall": 0.03420114517211914,
            "0_select": 0.006494045257568359,
            "1_unroll": 0.00693511962890625,
            "2_aggregate_override": 0.0074079036712646484,
            "3_select": 0.006861209869384766
        },
        "create_final_community_reports": {
            "overall": 78.8283851146698,
            "0_prepare_community_reports_nodes": 0.008250951766967773,
            "1_prepare_community_reports_edges": 0.007741212844848633,
            "2_restore_community_hierarchy": 0.008453845977783203,
            "3_prepare_community_reports": 0.043859243392944336,
            "4_create_community_reports": 78.73547291755676,
            "5_window": 0.017431974411010742
        },
        "create_final_text_units": {
            "overall": 0.062484025955200195,
            "0_select": 0.009047985076904297,
            "1_rename": 0.007825136184692383,
            "2_join": 0.009344100952148438,
            "3_join": 0.00939321517944336,
            "4_aggregate_override": 0.009629249572753906,
            "5_select": 0.009267330169677734
        },
        "create_base_documents": {
            "overall": 0.09126591682434082,
            "0_unroll": 0.009109973907470703,
            "1_select": 0.008219242095947266,
            "2_rename": 0.008294105529785156,
            "3_join": 0.00977325439453125,
            "4_aggregate_override": 0.008881807327270508,
            "5_join": 0.010859966278076172,
            "6_rename": 0.00855875015258789,
            "7_convert": 0.01799488067626953
        },
        "create_final_documents": {
            "overall": 0.01764822006225586,
            "0_rename": 0.008846759796142578
        }
    }
}